name,ra,dec,z,Gal_Long,Gal_Lat,PSZ2,M_500,ACT name,ACTDR5,M500Cal,VISTA**,DECam,SPLUS,Comments,Complete sample,Low-mass sample,Below low-mass,Missing altogether,coords,PSZ2_idx,ACT-DR5_idx,ACT-DR5,SPT-SZ_idx,SPT-SZ,MCXC_idx,MCXC,S-PLUS,CODEX-DECALS_idx,CODEX-DECALS,MeerKAT_idx,MeerKAT,MKDiffuse_idx,MKDiffuse,XMM_idx,XMM,HIFLUGCS_idx,HIFLUGCS,MENeaCS_idx,MENeaCS,LoVoCCS_idx,LoVoCCS,CLASH-VLT_idx,CLASH-VLT,m500_PSZ2,m500_PSZ2_corr,m500_ACT,m500_SPT,m500_MCXC,m500_MCXC_corr,m500_CODEX,m500,m200,c200,r200,d200,N_first,N_tgss,N_spec,N_spec_z,5d200
Abell2744,3.578,-30.389,0.308,8.897,-81.239,PSZ2 G008.94-81.22,9.83,J0014.3-3022,89,13.082,GCAV,DR9,SPLUS obs,"Outside eROSITA, HST Frontier Field, JWST, MeerKAT, MUSE data (reduced and available for the central part)","ACT, PSZ, CODEX",,,,"3.578,-30.389",18,28,ACT-CL J0014.3-3022,-99,,7,J0014.3-3023,YES,1461,128530,16,MCXC J0014.3-3023,13,Abell2744,-99,,-99,,-99,,-99,,-99,,9.84,13.27,13.08,-1.00,7.36,11.14,14.65,13.08,18.44,4.57,2.32,8.26,0,22,3150,943,0.69
PSZ2 G304.84-41.40,7.034,-75.635,0.41,304.856,-41.406,PSZ2 G304.84-41.40,7.646,Outside ACT,0,,SMC,DR10,,MUSE,,,,,"7.034,-75.635",339,-99,,-99,,-99,,NO,-99,,-99,,-99,,-99,,-99,,-99,,-99,,-99,,7.65,10.31,-1.00,-1.00,-1.00,-1.00,-1.00,10.31,14.54,4.55,2.06,6.11,0,0,51,2,0.51
Abell2811,10.536,-28.536,0.1082,357.976,-87.509,PSZ2 G358.21-87.49,3.648,J0042.1-2832,266,6.485,VHS,DR9,SPLUS main,LoVoCCS MeerKAT,"ACT, PSZ, CODEX","PSZ, CODEX",,,"10.536,-28.536",426,83,ACT-CL J0042.1-2832,-99,,24,J0042.1-2832,YES,1430,128572,18,MCXC J0042.1-2832,17,Abell2811,-99,,-99,,-99,,21,A2811,-99,,3.65,4.92,6.49,-1.00,3.50,5.30,8.35,6.49,9.34,4.05,1.99,16.24,0,97,7984,3356,1.35
Abell 0209,22.973,-13.613,0.2088,159.878,-73.508,PSZ2 G159.91-73.50,8.464,J0131.8-1336,573,7.625,P107,DR9,,Outside eROSITA CLASH-VLT MeerKAT,"PSZ, CODEX",ACT,,,"22.973,-13.613",112,177,ACT-CL J0131.8-1336,-99,,58,J0131.8-1336,NO,1148,117857,7,MCXC J0131.8-1336,5,Abell209,-99,,-99,,49,A209,-99,,1,Abell 209,8.46,11.42,7.62,-1.00,5.11,7.73,10.36,7.62,10.95,4.15,2.03,9.58,0,44,1779,807,0.80
PSZ2 G243.15-73.84,29.763,-34.235,0.41,243.15,-73.848,PSZ2 G243.15-73.84,8.086,J0159.0-3413,745,9.063,P109,DR9,SPLUS obs,"WAVES, MUSE",,"ACT, PSZ, CODEX",,,"29.763,-34.235",196,239,ACT-CL J0159.0-3413,-99,,-99,,YES,1518,132118,-99,,-99,,-99,,-99,,-99,,-99,,-99,,8.09,10.91,9.06,-1.00,-1.00,-1.00,9.33,9.06,12.82,4.46,1.98,5.85,0,14,388,4,0.49
PSZ2 G259.98-63.43,38.078,-44.345,0.284,259.959,-63.448,PSZ2 G259.98-63.43,7.451,J0232.2-4421,1003,12.295,P109,DR9,SPLUS obs,MeerKAT MUSE GMRT-SUCCESS,ACT,"PSZ, CODEX",,,"38.078,-44.345",247,319,ACT-CL J0232.2-4421,40,SPT-CL J0232-4421,99,J0232.2-4420,YES,1669,138425,52,MCXC J0232.2-4420,63,J0232.2-4420,-99,,-99,,-99,,-99,,-99,,7.54,10.17,12.30,12.01,6.13,9.28,14.60,12.30,17.39,4.48,2.30,8.65,0,23,197,26,0.72
Abell0370,39.96,-1.585,0.373,173.004,-53.57,PSZ2 G172.98-53.55,7.645,J0239.8-0134,1068,9.239,GCAV,DR9,,"Outside eROSITA, HST Frontier Field, JWST, MUSE data available.",,"ACT, PSZ",,CODEX,"39.96,-1.585",116,341,ACT-CL J0239.8-0134,-99,,-99,,YES,-99,,8,ZwCl 0237.2-0146,6,Abell370,-99,,-99,,51,A370,-99,,-99,,7.65,10.31,9.24,-1.00,-1.00,-1.00,-1.00,9.24,13.11,4.42,2.02,6.34,88,12,2359,357,0.53
PSZ2 G271.53-56.57,41.369,-53.042,0.3,271.539,-56.571,PSZ2 G271.53-56.57,6.775,J0245.5-5302,1115,10.655,VHS,DR9,SPLUS obs,MeerKAT MUSE SPT-CL J0245-5302 Ruel+2014,ACT,"PSZ, CODEX",,,"41.369,-53.042",279,352,ACT-CL J0245.5-5302,-99,,-99,,YES,1763,141138,27,PSZ1 G271.48-56.5,30,Abell S295,-99,,-99,,-99,,-99,,-99,,6.78,9.14,10.65,-1.00,-1.00,-1.00,9.03,10.65,15.11,4.40,2.18,7.90,0,3,300,37,0.66
PSZ2 G205.05-62.95,41.615,-20.535,0.31,205.075,-62.949,PSZ2 G205.05-62.95,7.635,J0246.4-2033,1121,5.698,P109,DR9,,,,,,,"41.615,-20.535",131,356,ACT-CL J0246.4-2033,-99,,-99,,NO,1265,125297,-99,,-99,,-99,,-99,,-99,,-99,,-99,,7.64,10.30,5.70,-1.00,-1.00,-1.00,5.58,5.70,8.18,4.14,1.77,6.27,0,11,44,3,0.52
PSZ2 G277.76-51.74,43.596,-58.964,0.438,277.752,-51.731,PSZ2 G277.76-51.74,9.693,J0254.3-5857,1169,7.996,GCAV,DR9,SPLUS obs,"SPT-Cl J0254-5857 Ruel+2014, MUSE data avilable for two central fields.",,,,,"43.596,-58.964",290,371,ACT-CL J0254.3-5857,48,SPT-CL J0254-5857,-99,,YES,1829,143695,-99,,-99,,-99,,-99,,-99,,-99,,-99,,9.69,13.07,8.00,7.79,-1.00,-1.00,10.55,8.00,11.34,4.42,1.88,5.35,0,0,102,46,0.45
PSZ2 G223.93-60.10,46.753,-28.684,0.2537,223.936,-60.107,PSZ2 G223.93-60.10,6.96,J0307.0-2840,1245,8.601,VHS,DR9,,Abell 3088 MUSE,,,,,"46.753,-28.684",155,399,ACT-CL J0307.0-2840,-99,,124,J0307.0-2840,NO,1439,128993,-99,,-99,,-99,,-99,,-99,,-99,,-99,,6.96,9.39,8.60,-1.00,5.21,7.88,9.70,8.60,12.28,4.23,2.07,8.45,0,19,654,73,0.70
Abell3112,49.495,-44.236,0.075,252.929,-56.077,PSZ2 G252.99-56.09,2.927,J0317.9-4420,1296,2.714,VHS,DR9,SPLUS obs,SPLUS,,,,,"49.495,-44.236",224,-99,,-99,,128,J0317.9-4414,YES,1673,138511,55,MCXC J0317.9-4414,-99,,-99,,8,A3112,-99,,9,A3112,-99,,2.93,3.95,-1.00,-1.00,4.39,6.65,14.82,3.95,5.69,4.04,1.71,19.32,0,114,1777,996,1.61
MACS J0329.7-0211,52.423,-2.196,0.45,186.444,-44.675,,5.56,J0329.6-0211,1348,7.837,P108,DR9,,CLASH-VLT,CODEX,,ACT,PSZ,"52.423,-2.196",-99,-99,,-99,,-99,,NO,883,110101,-99,,-99,,-99,,-99,,-99,,-99,,10,MACSJ0329-02,-1.00,-1.00,-1.00,-1.00,-1.00,-1.00,12.34,-1.00,-1.00,-1.00,-1.00,-1.00,0,0,0,0,-0.08
MACS J0416.1-2403,64.041,-24.066,0.397,221.087,-44.054,,0.0,J0416.1-2404,1556,10.524,GCAV,DR9,,"CLASH-VLT, HST Frontier Field, JWST",,ACT,,"PSZ, CODEX","64.041,-24.066",-99,505,ACT-CL J0416.1-2404,-99,,-99,,NO,-99,,-99,,-99,,-99,,-99,,-99,,-99,,7,MACSJ0416-24,-1.00,-1.00,10.52,-1.00,-1.00,-1.00,-1.00,10.52,14.83,4.54,2.09,6.30,0,21,5028,1454,0.53
PSZ2 G205.93-39.46,64.406,-11.896,0.443,205.937,-39.462,PSZ2 G205.93-39.46,12.25,J0417.5-1154,1560,15.765,P108,DR9,,"MeerKAT, MUSE, JWST","ACT, PSZ, CODEX",,,,"64.406,-11.896",132,507,ACT-CL J0417.5-1154,-99,,162,J0417.5-1154,NO,1123,118246,34,MCXC J0417.5-1154,44,MACS J0417.5-1154,-99,,-99,,-99,,-99,,-99,,12.25,16.53,15.77,-1.00,22.10,33.45,16.72,15.77,21.81,5.03,2.33,6.59,0,20,690,23,0.55
PSZ2 G262.73-40.92,69.579,-54.318,0.421,262.729,-40.938,PSZ2 G262.73-40.92,7.461,J0438.2-5419,1620,10.655,P108,DR9,SPLUS obs,SPT-CL J0438-5419 Ruel+2014,,,,,"69.579,-54.318",254,535,ACT-CL J0438.2-5419,79,SPT-CL J0438-5419,-99,,YES,-99,,-99,,-99,,-99,,-99,,-99,,-99,,-99,,7.46,10.07,10.65,10.80,-1.00,-1.00,-1.00,10.65,14.97,4.59,2.07,6.04,0,0,174,95,0.50
PSZ2 G195.75-24.32,73.527,2.962,0.203,195.758,-24.321,PSZ2 G195.75-24.32,7.8,J0454.1+0255,1674,9.044,VHS,DR10,,Abell520 MUSE,CODEX,"ACT, PSZ",,,"73.527,2.962",126,553,ACT-CL J0454.1+0255,-99,,179,J0454.1+0255,NO,709,106276,-99,,-99,,-99,,-99,,73,A520,-99,,-99,,7.80,10.52,9.04,-1.00,6.44,9.74,10.96,9.04,12.95,4.20,2.15,10.37,0,41,3214,1062,0.86
Abell0521,73.538,-10.239,0.2475,208.829,-30.66,PSZ2 G208.80-30.67,7.255,J0454.1-1013,1675,6.612,HiLx,DR9,,MeerKAT Golovich+2019,,"ACT, PSZ, CODEX",,,"73.538,-10.239",134,554,ACT-CL J0454.1-1013,-99,,178,J0454.1-1014,NO,1094,118364,9,MCXC J0454.1-1014,7,Abell521,-99,,-99,,74,A521,-99,,-99,,7.26,9.79,6.61,-1.00,5.82,8.81,10.87,6.61,9.50,4.14,1.90,7.92,0,26,1425,606,0.66
PSZ2 G201.50-27.31,73.546,-3.015,0.5377,201.497,-27.329,,8.304,J0454.2-0300,1677,12.119,GCAV,DR9,,MS 0451,,,,,"73.546,-3.015",-99,-99,,-99,,-99,,NO,919,114407,-99,,40,PLCK G200.9-28.2,-99,,-99,,94,MS0451,-99,,-99,,-1.00,-1.00,-1.00,-1.00,-1.00,-1.00,14.20,-1.00,-1.00,-1.00,-1.00,-1.00,0,0,0,0,-0.08
PSZ2 G208.60-26.00,77.699,-8.029,0.2195,208.615,-25.999,PSZ2 G208.60-26.00,7.744,J0510.7-0801,1724,9.101,VHS,DR10,,MeerKAT MUSE,,"ACT, PSZ, CODEX",,,"77.699,-8.029",133,571,ACT-CL J0510.7-0801,-99,,189,J0510.7-0801,NO,1002,114478,37,MCXC J0510.7-0801,47,RXC J0510.7-0801,-99,,-99,,-99,,-99,,-99,,7.74,10.45,9.10,-1.00,6.08,9.21,10.26,9.10,13.01,4.22,2.14,9.72,0,48,1884,619,0.81
PSZ2 G262.27-35.38,79.153,-54.52,0.2952,262.254,-35.38,PSZ2 G262.27-35.38,8.759,J0516.6-5430,1737,6.159,VHS,DR9,,MeerKAT MUSE Foex+2017 SPT-CL J0516-5430 Ruel+2014,PSZ,ACT,CODEX,,"79.153,-54.52",253,574,ACT-CL J0516.6-5430,98,SPT-CL J0516-5430,191,J0516.6-5430,NO,1789,143963,66,MCXC J0516.6-5430,78,J0516.6-5430,-99,,-99,,-99,,-99,,-99,,8.76,11.82,6.16,7.10,7.72,11.69,11.38,6.16,8.83,4.16,1.83,6.69,0,0,604,355,0.56
PSZ2 G244.37-32.15,82.221,-39.471,0.2839,244.374,-32.141,PSZ2 G244.37-32.15,7.406,J0528.8-3927,1777,8.976,VHS,DR9,,MeerKAT MUSE GMRT-SUCCESS,,"ACT, PSZ",CODEX,,"82.221,-39.471",199,593,ACT-CL J0528.8-3927,-99,,198,J0528.9-3927,NO,1608,135723,68,MCXC J0528.9-3927,81,J0528.9-3927,-99,,-99,,-99,,-99,,-99,,7.41,9.99,8.98,-1.00,7.55,11.42,15.43,8.98,12.79,4.29,2.07,7.81,0,37,376,243,0.65
PSZ2 G241.76-30.88,83.233,-37.026,0.2708,241.747,-30.879,PSZ2 G241.76-30.88,7.004,J0532.9-3701,1787,10.487,VHS,DR9,,MUSE,,,,,"83.233,-37.026",191,596,ACT-CL J0532.9-3701,-99,,203,J0532.9-3701,NO,1571,135682,-99,,-99,,-99,,-99,,-99,,-99,,-99,,7.00,9.45,10.49,-1.00,5.11,7.73,10.41,10.49,14.90,4.35,2.19,8.54,0,25,210,25,0.71
PSZ2 G241.11-28.68,85.738,-35.984,0.42,241.112,-28.681,PSZ2 G241.11-28.68,7.361,J0542.9-3559,1807,7.122,P108,DR9,,,,,,,"85.738,-35.984",190,602,ACT-CL J0542.9-3559,-99,,-99,,NO,1548,132802,-99,,-99,,-99,,-99,,-99,,-99,,-99,,7.36,9.93,7.12,-1.00,-1.00,-1.00,8.88,7.12,10.13,4.33,1.82,5.32,0,20,363,3,0.44
PSZ2 G271.18-30.95,87.326,-62.083,0.3755,271.192,-30.964,PSZ2 G271.18-30.95,7.373,Outside ACT,0,,P108,DR10,,,,,,,"87.326,-62.083",277,-99,,105,SPT-CL J0549-6205,-99,,NO,-99,,-99,,-99,,-99,,-99,,-99,,-99,,-99,,7.37,9.95,-1.00,12.40,-1.00,-1.00,-1.00,12.40,17.43,4.64,2.22,6.94,0,0,180,34,0.58
MACS J0553.4-3342,88.363,-33.715,0.43,239.291,-26.002,PSZ2 G239.27-26.01,8.772,J0553.4-3342,1838,15.4,GCAV,DR9,,MUSE,,,,,"88.363,-33.715",184,617,ACT-CL J0553.4-3342,-99,,-99,,NO,1507,132747,-99,,-99,,-99,,-99,,-99,,-99,,-99,,8.77,11.83,15.40,-1.00,-1.00,-1.00,14.07,15.40,21.37,4.97,2.32,6.70,0,15,772,8,0.56
RXC J0600.1-2007,90.071,-20.104,0.46,225.915,-19.983,,10.731,J0600.2-2007,1851,13.624,GCAV,DR10 edge,,MUSE,,,,,"90.071,-20.104",-99,-99,,-99,,-99,,NO,1279,125869,-99,,-99,,-99,,-99,,-99,,-99,,-99,,-1.00,-1.00,-1.00,-1.00,-1.00,-1.00,14.23,-1.00,-1.00,-1.00,-1.00,-1.00,0,0,0,0,-0.08
PSZ2 G263.14-23.41,99.725,-53.981,0.2266,263.149,-23.418,PSZ2 G263.14-23.41,6.826,J0638.7-5358,1893,12.543,VHS,DR10,,MeerKAT,ACT,"PSZ, CODEX",,,"99.725,-53.981",258,635,ACT-CL J0638.7-5358,119,SPT-CL J0638-5358,228,J0638.7-5358,NO,1792,144174,83,MCXC J0638.7-5358,86,J0638.7-5358,-99,,-99,,-99,,-99,,-99,,6.83,9.21,12.54,12.01,6.88,10.41,13.10,12.54,17.79,4.40,2.37,10.51,0,0,223,50,0.88
PSZ2 G263.68-22.55,101.372,-54.219,0.1644,263.67,-22.546,PSZ2 G263.68-22.55,7.964,J0645.4-5413,1896,11.181,VHS,DR10,,Abell 3404 MeerKAT MUSE,"ACT, PSZ, CODEX",,,,"101.372,-54.219",260,636,ACT-CL J0645.4-5413,121,SPT-CL J0645-5413,230,J0645.4-5413,NO,1774,144181,84,MCXC J0645.4-5413,87,J0645.4-5413,-99,,-99,,-99,,-99,,-99,,7.96,10.74,11.18,10.55,5.82,8.80,10.85,11.18,15.96,4.25,2.33,13.35,0,0,336,118,1.11
ClG 0657-56 Bullet cluster,104.629,-55.947,0.2965,266.025,-21.247,PSZ2 G266.04-21.25,13.1,J0658.5-5557,1901,16.061,P108,DR10,,"MeerKAT Foex+2017, MUSE data avilable for one field.","ACT, PSZ, CODEX",,,,"104.629,-55.947",265,640,ACT-CL J0658.5-5557,128,SPT-CL J0658-5556,231,J0658.5-5556,NO,1808,144305,85,MCXC J0658.5-5556,33,Bullet,-99,,-99,,-99,,-99,,-99,,13.10,17.67,16.06,16.86,10.36,15.68,19.97,16.06,22.47,4.73,2.49,9.10,0,0,575,329,0.76
PSZ2 G284.97-23.69,110.839,-73.439,0.39,284.978,-23.694,PSZ2 G284.97-23.69,8.393,outside ACT,0,,GCAV,DR10,,"SMACS J0723.3-7327, MUSE JWST",,,,,"110.839,-73.439",303,-99,,-99,,-99,,NO,-99,,-99,,-99,,-99,,-99,,-99,,-99,,-99,,8.39,11.32,-1.00,-1.00,-1.00,-1.00,-1.00,11.32,15.91,4.59,2.14,6.54,0,0,109,28,0.54
Abell0901,149.11,-10.07,0.163,248.112,33.591,,3.22,Outside ACT,0,,HiLx,DR10,,,,,"PSZ, CODEX",ACT,"149.11,-10.07",-99,-99,,-99,,254,J0956.4-1004,NO,-99,,-99,,-99,,-99,,-99,,-99,,-99,,-99,,-1.00,-1.00,-1.00,-1.00,5.23,7.92,-1.00,7.92,11.37,4.13,2.09,12.01,0,70,185,71,1.00
Abell0907,149.592,-11.059,0.167,249.368,33.268,PSZ2 G249.38+33.26,5.406,Outside ACT,0,,HiLx,DR10,,MUSE,,,,,"149.592,-11.059",211,-99,,-99,,256,J0958.3-1103,YES,1098,119260,-99,,-99,,-99,,-99,,-99,,-99,,-99,,5.41,7.29,-1.00,-1.00,5.03,7.61,11.55,7.29,10.47,4.11,2.03,11.44,0,63,132,44,0.95
ZwCl 1021.0+0426,155.915,4.186,0.291,239.403,47.96,PSZ2 G239.43+47.95,6.525,J1023.6+0411,2199,12.011,HiLx,DR9,SPLUS obs,,,,,,"155.915,4.186",185,682,ACT-CL J1023.6+0411,-99,,264,J1023.6+0411,YES,679,107310,-99,,-99,,-99,,-99,,-99,,-99,,-99,,6.53,8.80,12.01,-1.00,9.71,14.70,20.36,12.01,16.98,4.47,2.27,8.42,155,37,1924,94,0.70
Abell3444,155.962,-27.259,0.2542,266.827,25.078,PSZ2 G266.83+25.08,7.258,Outside ACT,0,,P109,DR10,SPLUS obs,MUSE,,,,,"155.962,-27.259",266,-99,,-99,,265,J1023.8-2715,YES,1415,130222,-99,,-99,,-99,,-99,,-99,,-99,,-99,,7.37,9.94,-1.00,-1.00,7.71,11.67,17.32,9.94,14.14,4.30,2.17,8.84,0,40,158,17,0.74
PSZ2 G266.83+25.08,155.962,-27.258,0.2542,266.827,25.078,PSZ2 G266.83+25.08,7.367,Outside ACT,0,,VHS,DR10,SPLUS obs,,,,,,"155.962,-27.258",266,-99,,-99,,265,J1023.8-2715,YES,1415,130222,-99,,-99,,-99,,-99,,-99,,-99,,-99,,7.37,9.94,-1.00,-1.00,7.71,11.67,17.32,9.94,14.14,4.30,2.17,8.84,0,40,159,17,0.74
MACS J1115.9+0129,168.967,1.498,0.352,257.114,55.626,PSZ2 G257.09+55.61,6.864,J1115.8+0129,2335,9.796,P109,DR9,SPLUS obs,WAVES CLASH-VLT MUSE,,"ACT, PSZ, CODEX",,,"168.967,1.498",242,697,ACT-CL J1115.8+0129,-99,,278,J1115.8+0129,YES,795,111630,-99,,-99,,-99,,-99,,-99,,-99,,5,MACSJ1115+01,6.86,9.26,9.80,-1.00,7.27,11.00,14.63,9.80,13.88,4.42,2.08,6.76,96,23,1831,204,0.56
Abell1300,172.977,-19.928,0.306,278.582,39.154,PSZ2 G278.58+39.16,8.97,outside ACT,0,,GCAV,DR10,SPLUS obs,MUSE Foex+2017 Golovich+2019,PSZ,CODEX,,ACT,"172.977,-19.928",292,-99,,-99,,283,J1131.9-1955,YES,1250,126825,-99,,-99,,-99,,-99,,-99,,-99,,-99,,8.97,12.10,-1.00,-1.00,7.60,11.50,14.81,12.10,17.09,4.50,2.26,8.10,0,17,393,315,0.67
PSZ2 G286.98+32.90,177.705,-28.077,0.39,286.985,32.911,PSZ2 G286.98+32.90,14.692,outside ACT,0,,GCAV,DR10,,Golovich+2019,PSZ,,,"ACT, CODEX","177.705,-28.077",311,-99,,-99,,-99,,NO,-99,,-99,,-99,,-99,,-99,,-99,,-99,,-99,,14.69,19.82,-1.00,-1.00,-1.00,-1.00,-1.00,19.82,27.25,5.18,2.56,7.82,0,37,1051,263,0.65
Abell1451,180.821,-21.523,0.199,288.266,39.974,PSZ2 G288.27+39.97,7.162,Outside ACT,0,,HiLx,DR10,SPLUS obs,,,,,,"180.821,-21.523",320,-99,,-99,,295,J1203.2-2131,YES,1313,126904,-99,,-99,,-99,,-99,,-99,,-99,,-99,,7.16,9.66,-1.00,-1.00,5.62,8.50,11.13,9.66,13.81,4.22,2.20,10.78,0,56,410,188,0.90
MACS J1206.2-0847,181.551,-8.8,0.44,284.398,52.436,PSZ2 G284.41+52.45,11.176,Outside ACT,0,,P109,DR9,SPLUS obs,CLASH-VLT and MUSE,"PSZ, CODEX",,,ACT,"181.551,-8.8",302,-99,,-99,,298,J1206.2-0848,YES,1068,119638,-99,,-99,,-99,,-99,,-99,,-99,,9,MACSJ1206-08,11.18,15.08,-1.00,-1.00,8.40,12.72,14.06,15.08,20.92,4.97,2.30,6.54,0,6,1236,853,0.54
RXC J1212.3-1816,183.079,-18.279,0.269,290.059,43.613,,0.0,Outside ACT,0,,HiLx,DR10,SPLUS obs,,,,,,"183.079,-18.279",-99,-99,,-99,,300,J1212.3-1816,YES,-99,,-99,,-99,,-99,,-99,,-99,,-99,,-99,,-1.00,-1.00,-1.00,-1.00,4.83,7.31,-1.00,7.31,10.47,4.19,1.95,7.64,0,17,78,8,0.64
Abell1650,194.675,-1.759,0.0845,306.683,61.059,PSZ2 G306.66+61.06,4.446,J1258.7-0145,2633,8.051,VHS,DR9,SPLUS obs,LoVoCCS,"ACT, PSZ",CODEX,,,"194.675,-1.759",343,724,ACT-CL J1258.7-0145,-99,,318,J1258.6-0145,YES,858,111941,-99,,-99,,-99,,31,A1650,19,A1650,12,A1650,-99,,4.45,6.00,8.05,-1.00,4.12,6.24,11.08,8.05,11.60,4.07,2.16,21.92,907,188,14705,4431,1.83
Abell1651,194.843,-4.196,0.0845,306.733,58.617,PSZ2 G306.77+58.61,5.074,J1259.3-0410,2636,6.384,VHS,DR9,SPLUS obs,LoVoCCS,"ACT, PSZ",CODEX,,,"194.843,-4.196",344,726,ACT-CL J1259.3-0410,-99,,320,J1259.3-0411,YES,953,115913,-99,,-99,,-99,,32,A1651,20,A1651,6,A1651,-99,,5.07,6.84,6.38,-1.00,4.39,6.65,11.40,6.38,9.20,4.04,2.00,20.29,753,147,7706,3025,1.69
MACS J1311.0-0311,197.758,-3.177,0.494,312.553,59.329,,3.51,J1311.0-0310,2672,4.948,P109,DR9,SPLUS obs,CLASH-VLT,,,,,"197.758,-3.177",-99,-99,,-99,,-99,,YES,-99,,-99,,-99,,-99,,-99,,-99,,-99,,12,MACSJ1311-03,-1.00,-1.00,-1.00,-1.00,-1.00,-1.00,-1.00,-1.00,-1.00,-1.00,-1.00,-1.00,0,0,0,0,-0.08
Abell1689,197.875,-1.335,0.1832,313.361,61.129,PSZ2 G313.33+61.13,8.769,J1311.5-0119,2676,14.062,HiLx,DR9,SPLUS obs,WAVES,"ACT, PSZ, CODEX",,,,"197.875,-1.335",356,731,ACT-CL J1311.5-0119,-99,,326,J1311.5-0120,YES,859,111986,-99,,-99,,-99,,-99,,54,A1689,-99,,-99,,8.77,11.83,14.06,-1.00,8.39,12.70,21.73,14.06,19.95,4.41,2.50,13.09,321,76,6588,1171,1.09
RXC J1314.4-2515,198.617,-25.261,0.244,309.482,37.317,PSZ2 G309.49+37.31,6.717,Outside ACT,0,,P109,DR10,SPLUS obs,MeerKAT Golovich+2019,,"PSZ, CODEX",,ACT,"198.617,-25.261",351,-99,,-99,,328,J1314.4-2515,YES,1372,127032,39,MCXC J1314.4-2515,51,RXC J1314.4-2525,-99,,-99,,-99,,-99,,-99,,6.72,9.06,-1.00,-1.00,6.94,10.50,11.02,9.06,12.93,4.25,2.11,8.88,0,35,495,220,0.74
RXC J1347.5-1144,206.877,-11.753,0.4516,324.037,48.808,,11.029,outside ACT,0,,GCAV,DR10,SPLUS obs,CLASH-VLT Foex+2017,,,,*Outside redshift range,"206.877,-11.753",-99,-99,,-99,,-99,,YES,-99,,-99,,-99,,-99,,-99,,96,RXJ1347,-99,,11,RXJ1347-1145,-1.00,-1.00,-1.00,-1.00,-1.00,-1.00,-1.00,-1.00,-1.00,-1.00,-1.00,-1.00,0,0,0,0,-0.08
Abell1835,210.218,2.878,0.252,340.366,60.582,PSZ2 G340.36+60.58,9.75,J1401.0+0252,2854,15.231,HiLx,DR9,SPLUS obs,WAVES,"ACT, PSZ, CODEX",,,,"210.218,2.878",400,761,ACT-CL J1401.0+0252,-99,,345,J1401.0+0252,YES,761,107933,-99,,-99,,-99,,-99,,83,A1835,-99,,-99,,9.75,13.15,15.23,-1.00,10.50,15.89,20.78,15.23,21.40,4.59,2.49,10.23,167,37,2621,366,0.85
PSZ2 G325.70+17.34,221.861,-40.346,0.3155,325.707,17.34,PSZ2 G325.70+17.34,7.57,Outside ACT,0,,P109,NO,,,,,,,"221.861,-40.346",378,-99,,-99,,-99,,NO,-99,,-99,,-99,,-99,,-99,,-99,,-99,,-99,,7.57,10.21,-1.00,-1.00,-1.00,-1.00,-1.00,10.21,14.49,4.40,2.14,7.48,0,32,264,3,0.62
AbellS0780,224.872,-18.187,0.236,340.91,35.074,PSZ2 G340.94+35.07,7.796,Outside ACT,0,,P109,DR10,,MUSE,,,,,"224.872,-18.187",402,-99,,-99,,363,J1459.4-1811,YES,1243,123653,-99,,-99,,-99,,-99,,-99,,-99,,-99,,7.80,10.52,-1.00,-1.00,8.62,13.04,13.27,10.52,14.96,4.31,2.22,9.59,0,29,70,17,0.80
RXC J1504.1-0248,226.031,-2.804,0.215,355.076,46.199,PSZ2 G355.07+46.20,6.666,J1504.1-0248,3062,11.274,HiLx,DR9,,MUSE,,,,,"226.031,-2.804",423,782,ACT-CL J1504.1-0248,-99,,365,J1504.1-0248,NO,901,112271,-99,,-99,,-99,,-99,,-99,,-99,,-99,,6.67,8.99,11.27,-1.00,12.47,18.88,21.41,11.27,16.04,4.32,2.29,10.61,226,35,1601,110,0.88
RXC J1514.9-1523,228.742,-15.386,0.2226,346.584,35.048,PSZ2 G346.61+35.06,8.861,outside ACT,0,,GCAV,DR10,,,,,,,"228.742,-15.386",413,-99,,-99,,369,J1514.9-1523,NO,1220,123638,-99,,-99,,-99,,-99,,-99,,-99,,-99,,8.86,11.95,-1.00,-1.00,5.42,8.21,10.38,11.95,16.96,4.36,2.33,10.50,0,41,109,25,0.87
PSZ2 G313.88-17.11,240.455,-75.754,0.153,313.88,-17.11,PSZ2 G313.88-17.11,7.858,Outside ACT,0,,VHS,NO,,,,,,,"240.455,-75.754",359,-99,,-99,,378,J1601.7-7544,NO,-99,,106,MCXC J1601.7-7544,95,J1601.7-7544,-99,,-99,,-99,,-99,,-99,,8.03,10.83,-1.00,-1.00,6.88,10.41,-1.00,10.83,15.48,4.22,2.32,14.07,0,0,420,169,1.17
Abell2163,243.955,-6.152,0.206,6.768,30.454,PSZ2 G006.76+30.45,16.116,outside ACT,0,,GCAV,DR10,,"Maurogordato+2007, Golovich+2019","PSZ, CODEX",,,ACT,"243.955,-6.152",12,-99,,-99,,379,J1615.7-0608,NO,987,116445,-99,,-99,,-99,,49,A2163,88,A2163,-99,,-99,,16.12,21.74,-1.00,-1.00,11.05,16.73,21.70,21.74,30.27,4.84,2.85,13.60,0,101,768,489,1.13
MACS J1931.8-2638,292.957,-26.576,0.352,12.576,-20.093,PSZ2 G012.59-20.10,6.97,J1931.8-2634,3376,4.955,P107,DR10 edge,,Outside eROSITA CLASH-VLT,,PSZ,ACT,CODEX,"292.957,-26.576",22,812,ACT-CL J1931.8-2634,-99,,407,J1931.8-2634,NO,-99,,-99,,-99,,-99,,-99,,-99,,-99,,6,MACSJ1931-26,6.97,9.41,4.95,-1.00,5.92,8.97,-1.00,4.95,7.12,4.13,1.66,5.41,0,4,200,112,0.45
PSZ2 G347.17-27.36,293.723,-50.878,0.2371,347.176,-27.361,PSZ2 G347.17-27.36,7.185,J1934.9-5050,3377,5.333,VHS,DR10,,,,,,,"293.723,-50.878",415,813,ACT-CL J1934.9-5050,-99,,408,J1934.7-5053,NO,1754,143091,-99,,-99,,-99,,-99,,-99,,-99,,-99,,7.19,9.69,5.33,-1.00,4.97,7.52,8.40,5.33,7.68,4.09,1.78,7.65,0,18,61,13,0.64
PSZ2 G342.33-34.93,305.853,-55.575,0.232,342.337,-34.936,PSZ2 G342.33-34.93,6.678,J2023.3-5535,3398,9.497,VHS,DR9,,MeerKAT,,"ACT, PSZ, CODEX",,,"305.853,-55.575",407,824,ACT-CL J2023.3-5535,137,SPT-CL J2023-5535,423,J2023.4-5535,NO,1812,145429,111,MCXC J2023.4-5535,97,J2023.4-5535,-99,,-99,,-99,,-99,,-99,,6.68,9.01,9.50,7.86,4.40,6.65,8.18,9.50,13.56,4.25,2.16,9.41,0,0,217,25,0.78
RXC J2031.8-4037,307.965,-40.621,0.341,0.775,-35.699,PSZ2 G000.77-35.69,10.487,J2031.8-4037,3415,10.487,P107,DR9,,SMACS J2031.8 Outside eROSITA MUSE,,,,,"307.965,-40.621",2,833,ACT-CL J2031.8-4037,141,SPT-CL J2031-4037,425,J2031.8-4037,NO,1640,137700,-99,,-99,,-99,,-99,,-99,,-99,,-99,,6.33,8.54,10.49,9.83,6.62,10.03,12.89,10.49,14.83,4.45,2.13,7.09,0,14,311,67,0.59
MACS J2140.2-2339,325.062,-23.661,0.313,26.489,-46.937,,0.0,J2140.2-2339,3586,5.282,P107,DR10,SPLUS obs,Outside eROSITA CLASH-VLT,,ACT,,"PSZ, CODEX","325.062,-23.661",-99,890,ACT-CL J2140.2-2339,-99,,460,J2140.2-2339,YES,-99,,-99,,-99,,-99,,-99,,-99,,-99,,3,MS2137-2353,-1.00,-1.00,5.28,-1.00,4.70,7.11,-1.00,5.28,7.59,4.12,1.72,6.07,0,20,254,49,0.51
Abell3827,330.469,-59.939,0.098,332.239,-46.378,PSZ2 G332.23-46.37,5.771,J2201.8-5956,3650,8.672,VHS,DR9,,LoVoCCS,"ACT, PSZ",,,CODEX,"330.469,-59.939",391,909,ACT-CL J2201.8-5956,157,SPT-CL J2201-5956,474,J2201.9-5956,YES,-99,,-99,,-99,,-99,,-99,,-99,,4,A3827,-99,,5.77,7.78,8.67,9.62,4.59,6.95,-1.00,8.67,12.46,4.10,2.20,19.57,0,0,1557,948,1.63
Abell2420,332.582,-12.176,0.0848,46.485,-49.494,PSZ2 G046.47-49.44,4.39,J2210.3-1209,3671,6.092,VHS,DR9,SPLUS main,LoVoCCS,"ACT, PSZ, CODEX",,,,"332.582,-12.176",56,918,ACT-CL J2210.3-1209,-99,,479,J2210.3-1210,YES,1141,120960,-99,,-99,,-99,,-99,,33,A2420,23,A2420,-99,,4.39,5.92,6.09,-1.00,3.51,5.32,8.81,6.09,8.78,4.04,1.97,19.91,0,141,6866,1557,1.66
RXC J2211.7-0350,332.931,-3.829,0.397,57.254,-45.35,PSZ2 G057.25-45.34,10.5,J2211.7-0349,3676,17.336,GCAV,DR10,SPLUS part,,,,,,"332.931,-3.829",74,923,ACT-CL J2211.7-0349,-99,,480,J2211.7-0349,YES,935,117239,-99,,-99,,-99,,-99,,-99,,-99,,-99,,10.50,14.17,17.34,-1.00,18.10,27.40,15.10,17.34,23.98,5.03,2.45,7.39,108,13,841,35,0.62
Abell3911,341.577,-52.729,0.0965,336.589,-55.433,PSZ2 G336.60-55.43,4.279,,,,VHS,DR9,SPLUS main,LoVoCCS,PSZ,,,"ACT, CODEX","341.577,-52.729",397,-99,,-99,,512,J2246.3-5243,YES,-99,,-99,,-99,,-99,,-99,,-99,,25,A3911,-99,,4.28,5.77,-1.00,-1.00,3.40,5.14,-1.00,5.77,8.32,4.04,1.92,17.35,0,34,929,552,1.45
RXC J2248.7-4431,342.181,-44.529,0.3475,349.483,-59.933,PSZ2 G349.46-59.95,11.359,J2248.8-4431,3808,18.973,GCAV,DR9,,CLASH-VLT MeerKAT Frontier Field,"ACT, PSZ",CODEX,,,"342.181,-44.529",420,973,ACT-CL J2248.8-4431,166,SPT-CL J2248-4431,515,J2248.7-4431,YES,1688,140758,28,MCXC J2248.7-4431,31,Abell S1063,-99,,-99,,-99,,-99,,4,RXJ2248-4431,11.36,15.32,18.97,17.27,11.83,17.91,19.63,18.97,26.25,5.02,2.57,8.45,0,34,371,107,0.70
PSZ1 G008.31-64.31,344.678,-34.788,0.312,8.318,-64.747,PSZ2 G008.31-64.74,7.746,J2258.8-3447,3854,5.597,P109,DR10,SPLUS obs,Outside eROSITA,,,,,"344.678,-34.788",15,990,ACT-CL J2258.8-3447,-99,,-99,,YES,-99,,-99,,-99,,-99,,-99,,-99,,-99,,-99,,7.75,10.45,5.60,-1.00,-1.00,-1.00,-1.00,5.60,8.04,4.14,1.76,6.20,0,13,751,335,0.52
PSZ2 G348.90-67.37,351.304,-41.208,0.358,348.894,-67.388,PSZ2 G348.90-67.37,7.194,J2325.2-4111,3990,7.619,P109,DR9,SPLUS obs,MeerKAT SPT-CL J2325-4111 Ruel+2014,CODEX,"ACT, PSZ",,,"351.304,-41.208",419,1043,ACT-CL J2325.2-4111,176,SPT-CL J2325-4111,-99,,YES,1624,138055,29,PSZ2 G348.90-67.3,32,Abell S1121,-99,,-99,,-99,,-99,,-99,,7.19,9.70,7.62,7.55,-1.00,-1.00,10.21,7.62,10.84,4.29,1.91,6.15,0,13,147,45,0.51
PSZ2 G337.12-66.02,353.774,-45.709,0.547,337.118,-66.024,,7.121,J2335.1-4544,4042,6.0,P107,DR9,SPLUS obs,,,,,,"353.774,-45.709",-99,-99,,-99,,-99,,YES,-99,,-99,,-99,,-99,,-99,,-99,,-99,,-99,,-1.00,-1.00,-1.00,-1.00,-1.00,-1.00,-1.00,-1.00,-1.00,-1.00,-1.00,-1.00,0,0,0,0,-0.08
